Designator,Footprint,Quantity,Value,LCSC Part #
,,1,,
"C1, C2, C6, C7, C8",0805,5,1uF,
"C10, C11, C12, C13, C3, C4, C5",0402,7,100nF,
C9,0402,1,220pF,
"D1, D2",D_SOD-323_HandSoldering,2,SOD323,
J1,USB_C_Receptacle_HRO_TYPE-C-31-M-12,1,USB_C_Receptacle_USB2.0,
L1,L_Sunlord_MWSA0402S,1,6.8uH,
LS1,CMT850385BSMTTR,1,CMT-8503-85B-SMT-TR,
"Q1, Q2, Q3, Q4",SOT-23,4,2N7002,
R1,0402,1,0,
"R10, R14, R6, R7, R8, R9",0402,6,10K,
"R11, R15, R16, R17",0402,4,20,
R12,0402,1,1M,
R13,0402,1,22K,
"R2, R3",0402,2,5.1K,
"R4, R5",0402,2,22,
SW1,SW_Tactile_SPST_Angled_PTS645Vx83-2LFS,1,RST,
SW2,SW_Tactile_SPST_Angled_PTS645Vx83-2LFS,1,BOOT,
TP1,TestPoint_Pad_D3.0mm,1,U0RXD,
TP2,TestPoint_Pad_D3.0mm,1,U0TXD,
"U10, U12, U7, U8",SOIC-16_3.9x9.9mm_P1.27mm,4,TPIC6C595 / TLC6C598,
"U11, U13, U6, U9",Kartusche_IV9,4,Kartusche IV9,
U14,ESP32-C3-MINI-1,1,ESP32-C3-MINI-1,
U2,SOT-223-3_TabPin2,1,LD1117S33TR_SOT223,
U3,SOT-23-6,1,WE-TVS-82400102,
U4,MITSUMI_SIQ-02FVS3,1,~,
U5,SOT-23-5,1,LMR62421XMF,
